chrom	geneName	splicedExonStart	splicedExonEnd	splicedExonReadCount(rc)	splicedExonLength(sl)	othersExonsReadCount(RC)	othersExonsLength(L)	RC - rc	L - sl	splicedExonAverageReadCoverage(n)	otherExonsAverageReadCoverage(N)
chr1	PRRC2C	162674098	162674151	0	54	7887	11137	7887	11083	0.0	0.7116304249751872
chr1	PRRC2C	162675604	162675841	0	238	7887	11137	7887	10899	0.0	0.723644371043215
chr1	DIS3L2	86791415	86791457	0	43	4964	3533	4964	3490	0.0	1.422349570200573
chr1	DIS3L2	86812511	86812589	0	79	4964	3533	4964	3454	0.0	1.4371742906774754
chr1	ENAH	181931173	181931185	0	13	0	12646	0	12633	0.0	0.0
chr1	ENAH	181935659	181935716	0	58	0	12646	0	12588	0.0	0.0
chr1	2310035C23RIK	105740434	105740517	0	84	102	6919	102	6835	0.0	0.014923189465983906
chr1	2310035C23RIK	105741012	105741095	0	84	102	6919	102	6835	0.0	0.014923189465983906
chr1	IFI203	173928274	173929516	0	1243	12675	6843	12675	5600	0.0	2.263392857142857
chr1	IFI203	173933782	173933926	0	145	12675	6843	12675	6698	0.0	1.8923559271424306
chr1	DISP1	183173495	183173623	0	129	309232	5270	309232	5141	0.0	60.15016533748298
chr1	DISP1	183202951	183203039	0	89	309232	5270	309232	5181	0.0	59.68577494692144
chr1	ST18	6737579	6737657	0	79	52019	6187	52019	6108	0.0	8.516535690897184
chr1	ST18	6752295	6752368	0	74	52019	6187	52019	6113	0.0	8.50956976934402
chr1	LEMD1	132232266	132232337	0	72	0	7080	0	7008	0.0	0.0
chr1	LEMD1	132255354	132255494	0	141	0	7080	0	6939	0.0	0.0
chr1	LEMD1	132255420	132255494	0	75	0	7080	0	7005	0.0	0.0
chr1	SP100	85681085	85681139	0	55	196	3821	196	3766	0.0	0.05204460966542751
chr1	SP100	85691974	85692049	0	76	196	3821	196	3745	0.0	0.052336448598130844
chr1	GLI2	118866571	118866757	0	187	0	6834	0	6647	0.0	0.0
chr1	GLI2	119002039	119002206	0	168	0	6834	0	6666	0.0	0.0
chr1	GLI2	118867978	118868181	0	204	0	6834	0	6630	0.0	0.0
chr1	GLI2	118890295	118890401	0	107	0	6834	0	6727	0.0	0.0
chr1	RGS7	175066616	175066694	0	79	441	2642	441	2563	0.0	0.17206398751463128
chr1	RGS7	175076016	175076097	240	82	441	2642	201	2560	2.926829268292683	0.078515625
chr1	RGS7	175076823	175076877	124	55	441	2642	317	2587	2.2545454545454544	0.12253575570158484
chr1	KIF1A	93026831	93026855	300	25	6804	8371	6504	8346	12.0	0.7792954708842559
chr1	KIF1A	93034545	93034572	0	28	6804	8371	6804	8343	0.0	0.8155339805825242
chr1	CLASP1	118512174	118512222	0	49	23566	8739	23566	8690	0.0	2.7118527042577676
chr1	CLASP1	118512704	118512728	0	25	23566	8739	23566	8714	0.0	2.704383750286895
chr1	BC003331	150380311	150380377	1073	67	1787	3256	714	3189	16.01492537313433	0.22389463781749766
chr1	BC003331	150381498	150381594	306	97	1787	3256	1481	3159	3.154639175257732	0.4688192465970244
chr1	DOCK10	80503918	80503994	0	77	0	10002	0	9925	0.0	0.0
chr1	DOCK10	80505125	80505198	0	74	0	10002	0	9928	0.0	0.0
chr1	MAP4K4	40001429	40001591	51	163	50023	6100	49972	5937	0.3128834355828221	8.417045645949132
chr1	MAP4K4	40003756	40003987	0	232	50023	6100	50023	5868	0.0	8.5247102931152
chr1	ADAM23	63581136	63581227	0	92	0	10214	0	10122	0.0	0.0
chr1	ADAM23	63585364	63585455	0	92	0	10214	0	10122	0.0	0.0
chr1	TNNT2	135841900	135841911	0	12	0	1267	0	1255	0.0	0.0
chr1	TNNT2	135843777	135843814	0	38	0	1267	0	1229	0.0	0.0
chr1	TNNT2	135843784	135843814	0	31	0	1267	0	1236	0.0	0.0
chr1	TNNT2	135842014	135842026	0	13	0	1267	0	1254	0.0	0.0
chr1	AGAP1	89766305	89766464	0	160	2142	9607	2142	9447	0.0	0.226738647189584
chr1	AGAP1	89789162	89789324	0	163	2142	9607	2142	9444	0.0	0.22681067344345615
chr1	PECR	72275652	72275802	0	151	102	1520	102	1369	0.0	0.07450693937180423
chr1	PECR	72276165	72276331	0	167	102	1520	102	1353	0.0	0.07538802660753881
chr2	CACNA1B	24639227	24639233	0	7	204	9916	204	9909	0.0	0.020587344838026038
chr2	CACNA1B	24642852	24642858	0	7	204	9916	204	9909	0.0	0.020587344838026038
chr2	CERKL	79361323	79361387	0	65	61	2892	61	2827	0.0	0.02157764414573753
chr2	CERKL	79368679	79368811	0	133	61	2892	61	2759	0.0	0.022109459949256977
chr2	CERKL	79444043	79444084	0	42	61	2892	61	2850	0.0	0.021403508771929824
chr2	CERKL	79449033	79449206	0	174	61	2892	61	2718	0.0	0.022442972774098603
chr2	DNM1	32309892	32310027	0	136	452	4586	452	4450	0.0	0.10157303370786516
chr2	DNM1	32310450	32310487	0	38	452	4586	452	4548	0.0	0.09938434476693052
chr2	DNM1	32333065	32333204	0	140	452	4586	452	4446	0.0	0.10166441745389114
chr2	DNM1	32334681	32334820	0	140	452	4586	452	4446	0.0	0.10166441745389114
chr2	IL15RA	11720012	11720105	0	94	874	2566	874	2472	0.0	0.3535598705501618
chr2	IL15RA	11723412	11723610	0	199	874	2566	874	2367	0.0	0.3692437684833122
chr2	UBOX5	130604484	130604626	0	143	1324	3891	1324	3748	0.0	0.35325506937033085
chr2	UBOX5	130628488	130628635	0	148	1324	3891	1324	3743	0.0	0.3537269569863746
chr2	NSMF	25057964	25057970	0	7	51560	3688	51560	3681	0.0	14.007063298016844
chr2	NSMF	25058252	25058321	0	70	51560	3688	51560	3618	0.0	14.250967385295743
chr2	TMEM87A	120373910	120373979	0	70	66	7555	66	7485	0.0	0.008817635270541082
chr2	TMEM87A	120374487	120374559	0	73	66	7555	66	7482	0.0	0.008821170809943865
chr2	NNAT	157560447	157560535	0	89	0	1340	0	1251	0.0	0.0
chr2	NNAT	157561212	157561239	0	28	0	1340	0	1312	0.0	0.0
chr2	NNAT	157561212	157561288	0	77	0	1340	0	1263	0.0	0.0
chr2	NNAT	157561212	157561293	0	82	0	1340	0	1258	0.0	0.0
chr2	OPRL1	181716501	181716535	0	35	204	3284	204	3249	0.0	0.06278855032317636
chr2	OPRL1	181717954	181718093	0	140	204	3284	204	3144	0.0	0.0648854961832061
chr2	OPRL1	181717995	181718093	0	99	204	3284	204	3185	0.0	0.06405023547880691
chr2	SUV39H2	3464266	3464926	3927	661	26096	4288	22169	3627	5.940998487140696	6.112213950923628
chr2	SUV39H2	3472501	3472647	2370	147	26096	4288	23726	4141	16.122448979591837	5.729533929002656
chr2	SMOX	131520411	131521171	0	761	0	2270	0	1509	0.0	0.0
chr2	SMOX	131522058	131522219	0	162	0	2270	0	2108	0.0	0.0
chr2	CD40	165066502	165066564	0	63	0	1692	0	1629	0.0	0.0
chr2	CD40	165069628	165069715	0	88	0	1692	0	1604	0.0	0.0
chr2	SCN2A1	65682502	65682594	0	93	516	8894	516	8801	0.0	0.058629701170321555
chr2	SCN2A1	65682689	65682781	0	93	516	8894	516	8801	0.0	0.058629701170321555
chr2	DLGAP4	156748022	156748102	0	81	0	6424	0	6343	0.0	0.0
chr2	DLGAP4	156748331	156748420	0	90	0	6424	0	6334	0.0	0.0
chr2	FIGN	64049866	64050017	0	152	1224	9973	1224	9821	0.0	0.12463089298442113
chr2	FIGN	64096894	64097064	0	171	1224	9973	1224	9802	0.0	0.124872475005101
chr2	GGTA1	35414218	35414284	0	67	51	3619	51	3552	0.0	0.014358108108108109
chr2	GGTA1	35416471	35416507	0	37	51	3619	51	3582	0.0	0.01423785594639866
chr2	ABL1	31690554	31690759	0	206	459	8097	459	7891	0.0	0.05816753263211253
chr2	ABL1	31695748	31695892	0	145	459	8097	459	7952	0.0	0.057721327967806844
chr2	ABL1	31742950	31743060	0	111	459	8097	459	7986	0.0	0.0574755822689707
chr2	SNAP25	136769742	136769860	0	119	0	2246	0	2127	0.0	0.0
chr2	SNAP25	136770056	136770174	0	119	0	2246	0	2127	0.0	0.0
chr2	SCN3A	65525694	65525786	8	93	769937	13619	769929	13526	0.08602150537634409	56.92214993346148
chr2	SCN3A	65525876	65525968	102	93	769937	13619	769835	13526	1.096774193548387	56.9152003548721
chr2	PHF21A	92351608	92351631	0	24	0	6934	0	6910	0.0	0.0
chr2	PHF21A	92351700	92351864	0	165	0	6934	0	6769	0.0	0.0
chr2	CELF1	90954288	90954341	0	54	0	8071	0	8017	0.0	0.0
chr2	CELF1	90987664	90987816	0	153	0	8071	0	7918	0.0	0.0
chr2	MTG2	180073139	180073233	0	95	102	2168	102	2073	0.0	0.049204052098408106
chr2	MTG2	180078003	180078142	0	140	102	2168	102	2028	0.0	0.05029585798816568
chr2	CAMSAP1	25953914	25953974	0	61	6105	8177	6105	8116	0.0	0.7522178413011336
chr2	CAMSAP1	25955259	25955292	0	34	6105	8177	6105	8143	0.0	0.7497236890580867
chr2	VPS39	120346856	120346889	0	34	34	4477	34	4443	0.0	0.0076524870582939455
chr2	VPS39	120349085	120349155	0	71	34	4477	34	4406	0.0	0.007716749886518384
chr2	SCN9A	66563335	66563427	0	93	0	10144	0	10051	0.0	0.0
chr2	SCN9A	66563539	66563631	0	93	0	10144	0	10051	0.0	0.0
chr2	XIRP2	67507908	67517173	0	9266	0	12804	0	3538	0.0	0.0
chr2	XIRP2	67519219	67519353	0	135	0	12804	0	12669	0.0	0.0
chr2	SEMA6D	124660704	124660761	0	58	0	7918	0	7860	0.0	0.0
chr2	SEMA6D	124662203	124662371	0	169	0	7918	0	7749	0.0	0.0
chr2	SLC12A1	125165494	125165590	90	97	243	5856	153	5759	0.9278350515463918	0.026567112345893384
chr2	SLC12A1	125166122	125166218	0	97	243	5856	243	5759	0.0	0.042194825490536554
chr2	SLC12A1	125166672	125166768	0	97	243	5856	243	5759	0.0	0.042194825490536554
chr2	CACNB2	14967941	14968075	0	135	102	7666	102	7531	0.0	0.013544018058690745
chr2	CACNB2	14968217	14968237	0	21	102	7666	102	7645	0.0	0.013342053629823413
chr2	DNAJC5	181521234	181521287	0	54	0	4541	0	4487	0.0	0.0
chr2	DNAJC5	181540536	181540616	0	81	0	4541	0	4460	0.0	0.0
chr2	SLC5A12	110637097	110637184	0	88	255	5207	255	5119	0.0	0.04981441687829654
chr2	SLC5A12	110637960	110638059	0	100	255	5207	255	5107	0.0	0.049931466614450755
chr2	8030411F24RIK	148783348	148783459	0	112	0	679	0	567	0.0	0.0
chr2	8030411F24RIK	148783770	148783844	0	75	0	679	0	604	0.0	0.0
chr2	OSBPL6	76555889	76555982	0	94	0	9241	0	9147	0.0	0.0
chr2	OSBPL6	76560185	76560260	0	76	0	9241	0	9165	0.0	0.0
chr2	RTEL1	181355008	181355125	0	118	0	4837	0	4719	0.0	0.0
chr2	RTEL1	181355309	181355552	0	244	0	4837	0	4593	0.0	0.0
chr2	RTEL1	181355327	181355552	0	226	0	4837	0	4611	0.0	0.0
chr2	1700026D11RIK	132497368	132497491	0	124	3978	2742	3978	2618	0.0	1.5194805194805194
chr2	1700026D11RIK	132508205	132508274	693	70	3978	2742	3285	2672	9.9	1.2294161676646707
chr2	GOLGA2	32293314	32293395	0	82	204	4574	204	4492	0.0	0.04541406945681211
chr2	GOLGA2	32296625	32296721	0	97	204	4574	204	4477	0.0	0.0455662273844092
chr3	PEX2	5565132	5565198	0	67	0	1644	0	1577	0.0	0.0
chr3	PEX2	5570486	5570629	0	144	0	1644	0	1500	0.0	0.0
chr3	ADGRL2	148820972	148821025	0	54	229763	8612	229763	8558	0.0	26.84774480018696
chr3	ADGRL2	148821279	148821408	0	130	229763	8612	229763	8482	0.0	27.088304645130865
chr3	NUDT17	96707783	96707809	0	27	0	1502	0	1475	0.0	0.0
chr3	NUDT17	96707809	96707886	0	78	0	1502	0	1424	0.0	0.0
chr3	EGFEM1	29357144	29357195	0	52	54	3717	54	3665	0.0	0.014733969986357435
chr3	EGFEM1	29513887	29514010	0	124	54	3717	54	3593	0.0	0.015029223490119677
chr3	BMPR1B	141981920	141982013	0	94	9187	5845	9187	5751	0.0	1.5974613110763345
chr3	BMPR1B	142078125	142078192	0	68	9187	5845	9187	5777	0.0	1.5902717673532976
chr3	4930593A02RIK	58750955	58751179	0	225	363	1978	363	1753	0.0	0.20707358813462637
chr3	4930593A02RIK	58752102	58752338	0	237	363	1978	363	1741	0.0	0.20850086157380815
chr3	USP53	122961318	122961432	0	115	7426	4981	7426	4866	0.0	1.5260994656802302
chr3	USP53	122961532	122961641	0	110	7426	4981	7426	4871	0.0	1.5245329501129132
chr3	DCLK2	86788621	86788634	0	14	0	4854	0	4840	0.0	0.0
chr3	DCLK2	86789408	86789490	0	83	0	4854	0	4771	0.0	0.0
chr3	TPD52	8936438	8936480	0	43	11550	2552	11550	2509	0.0	4.603427660422479
chr3	TPD52	8943550	8943577	76	28	11550	2552	11474	2524	2.7142857142857144	4.545958795562599
chr3	LRRC40	158041585	158041659	0	75	0	2812	0	2737	0.0	0.0
chr3	LRRC40	158041862	158041933	0	72	0	2812	0	2740	0.0	0.0
chr3	ELF2	51294092	51294188	0	97	51	6422	51	6325	0.0	0.008063241106719368
chr3	ELF2	51299782	51299885	0	104	51	6422	51	6318	0.0	0.008072174738841406
chr3	NTNG1	109827626	109827761	0	136	50	7015	50	6879	0.0	0.007268498328245385
chr3	NTNG1	109832467	109832635	0	169	50	7015	50	6846	0.0	0.007303534910896874
chr3	NTNG1	109841509	109841575	0	67	50	7015	50	6948	0.0	0.007196315486470927
chr3	GRIA2	80690403	80690518	0	116	71	8594	71	8478	0.0	0.008374616654871433
chr3	GRIA2	80691319	80691434	0	116	71	8594	71	8478	0.0	0.008374616654871433
chr3	PDLIM5	142309527	142309544	0	18	6352	6832	6352	6814	0.0	0.9321984150278838
chr3	PDLIM5	142312122	142312214	0	93	6352	6832	6352	6739	0.0	0.9425730820596527
chr3	PHC3	30942408	30942652	0	245	0	14040	0	13795	0.0	0.0
chr3	PHC3	30948701	30948800	0	100	0	14040	0	13940	0.0	0.0
chr3	TPM3	90088400	90088476	0	77	0	3677	0	3600	0.0	0.0
chr3	TPM3	90089047	90089123	0	77	0	3677	0	3600	0.0	0.0
chr3	COL25A1	130474807	130474867	0	61	408	9476	408	9415	0.0	0.043335103558151886
chr3	COL25A1	130475592	130475664	0	73	408	9476	408	9403	0.0	0.04339040731681378
chr3	CRTC2	90260696	90261103	0	408	2733	2873	2733	2465	0.0	1.1087221095334685
chr3	CRTC2	90262450	90262714	0	265	2733	2873	2733	2608	0.0	1.0479294478527608
chr3	CAMK2D	126770784	126770857	0	74	1165	14421	1165	14347	0.0	0.0812016449431937
chr3	CAMK2D	126771773	126771846	0	74	1165	14421	1165	14347	0.0	0.0812016449431937
chr3	CEPT1	106512802	106512887	0	86	0	2909	0	2823	0.0	0.0
chr3	CEPT1	106520008	106520093	0	86	0	2909	0	2823	0.0	0.0
chr3	RSRC1	66996464	66996590	0	127	0	7756	0	7629	0.0	0.0
chr3	RSRC1	67082535	67082709	0	175	0	7756	0	7581	0.0	0.0
chr3	MEF2D	88158033	88158171	0	139	915	5861	915	5722	0.0	0.1599091226843761
chr3	MEF2D	88158220	88158355	0	136	915	5861	915	5725	0.0	0.15982532751091702
chr3	TSHB	102782061	102782102	0	42	0	650	0	608	0.0	0.0
chr3	TSHB	102782449	102782496	0	48	0	650	0	602	0.0	0.0
chr3	EMCN	137391592	137391706	0	115	38	4294	38	4179	0.0	0.009093084469968891
chr3	EMCN	137403983	137404022	0	40	38	4294	38	4254	0.0	0.008932769158439116
chr3	PEX5L	33024695	33024800	0	106	15748	6998	15748	6892	0.0	2.284968078932095
chr3	PEX5L	33080464	33080536	0	73	15748	6998	15748	6925	0.0	2.2740794223826715
chr4	EPB41	131937014	131937464	0	451	6	14615	6	14164	0.0	0.0004236091499576391
chr4	EPB41	131955527	131955578	0	52	6	14615	6	14563	0.0	0.00041200302135548995
chr4	EPB41	131962923	131962986	0	64	6	14615	6	14551	0.0	0.0004123427943096694
chr4	EPB41	131964130	131964187	0	58	6	14615	6	14557	0.0	0.0004121728378099883
chr4	SIGMAR1	41740549	41740642	0	94	0	1644	0	1550	0.0	0.0
chr4	SIGMAR1	41740775	41740976	0	202	0	1644	0	1442	0.0	0.0
chr4	MUP10	60581520	60581654	0	135	0	1402	0	1267	0.0	0.0
chr4	MUP10	60661729	60661863	0	135	0	1402	0	1267	0.0	0.0
chr4	ADGRB2	130005389	130005554	0	166	9502	5528	9502	5362	0.0	1.772099962700485
chr4	ADGRB2	130006751	130006916	0	166	9502	5528	9502	5362	0.0	1.772099962700485
chr4	ADGRB2	130014934	130015033	102	100	9502	5528	9400	5428	1.02	1.7317612380250553
chr4	ADGRB2	130016633	130016696	0	64	9502	5528	9502	5464	0.0	1.7390190336749634
chr4	KLHL32	24708952	24709051	0	100	0	4771	0	4671	0.0	0.0
chr4	KLHL32	24743857	24743965	0	109	0	4771	0	4662	0.0	0.0
chr4	PAQR7	134500599	134500683	0	85	0	4171	0	4086	0.0	0.0
chr4	PAQR7	134506522	134506717	0	196	0	4171	0	3975	0.0	0.0
chr4	TMEM53	117252436	117252540	0	105	0	1725	0	1620	0.0	0.0
chr4	TMEM53	117252627	117252713	0	87	0	1725	0	1638	0.0	0.0
chr4	KCNQ4	120708853	120708910	0	58	0	2690	0	2632	0.0	0.0
chr4	KCNQ4	120711222	120711384	0	163	0	2690	0	2527	0.0	0.0
chr4	FBXO44	148154157	148154241	0	85	0	2829	0	2744	0.0	0.0
chr4	FBXO44	148154286	148154433	0	148	0	2829	0	2681	0.0	0.0
chr4	TPM2	43518643	43518719	0	77	0	3336	0	3259	0.0	0.0
chr4	TPM2	43519002	43519078	0	77	0	3336	0	3259	0.0	0.0
chr4	EIF4G3	138084256	138084370	0	115	0	10206	0	10091	0.0	0.0
chr4	EIF4G3	138087532	138087565	0	34	0	10206	0	10172	0.0	0.0
chr4	EIF4G3	138095908	138095929	0	22	0	10206	0	10184	0.0	0.0
chr4	NSUN4	116040877	116041107	0	231	0	6488	0	6257	0.0	0.0
chr4	NSUN4	116044684	116044839	0	156	0	6488	0	6332	0.0	0.0
chr4	CLTA	44030214	44030268	0	55	0	1429	0	1374	0.0	0.0
chr4	CLTA	44031399	44031435	0	37	0	1429	0	1392	0.0	0.0
chr4	LRP8	107848280	107848403	0	124	153	10404	153	10280	0.0	0.014883268482490272
chr4	LRP8	107850103	107850142	0	40	153	10404	153	10364	0.0	0.014762639907371672
chr5	RSRC2	123734259	123734398	0	140	0	4138	0	3998	0.0	0.0
chr5	RSRC2	123735821	123735896	0	76	0	4138	0	4062	0.0	0.0
chr5	CHFR	110136482	110136652	0	171	51	3693	51	3522	0.0	0.014480408858603067
chr5	CHFR	110140116	110140189	0	74	51	3693	51	3619	0.0	0.014092290688035369
chr5	SLBP	33646009	33646069	0	61	3741	2139	3741	2078	0.0	1.800288739172281
chr5	SLBP	33649742	33649847	2323	106	3741	2139	1418	2033	21.91509433962264	0.6974913920314806
chr5	BRE	31701825	31701977	0	153	0	3104	0	2951	0.0	0.0
chr5	BRE	31702030	31702103	0	74	0	3104	0	3030	0.0	0.0
chr5	PI4K2B	52743491	52743559	0	69	0	3222	0	3153	0.0	0.0
chr5	PI4K2B	52748368	52748505	0	138	0	3222	0	3084	0.0	0.0
chr5	SUN1	139229752	139229944	0	193	5367	5610	5367	5417	0.0	0.9907697987816134
chr5	SUN1	139230772	139230838	0	67	5367	5610	5367	5543	0.0	0.9682482410247158
chr5	NCOR2	125124769	125124980	0	212	0	9831	0	9619	0.0	0.0
chr5	NCOR2	125153606	125153652	0	47	0	9831	0	9784	0.0	0.0
chr5	SEZ6L	112428375	112428570	0	196	204	6100	204	5904	0.0	0.034552845528455285
chr5	SEZ6L	112436282	112436474	0	193	204	6100	204	5907	0.0	0.03453529710512951
chr5	SMR2	88088177	88088244	0	68	0	818	0	750	0.0	0.0
chr5	SMR2	88105315	88105382	0	68	0	818	0	750	0.0	0.0
chr5	ADAMTS3	89694749	89694830	768	82	9644	7686	8876	7604	9.365853658536585	1.1672803787480273
chr5	ADAMTS3	89696002	89696086	0	85	9644	7686	9644	7601	0.0	1.2687804236284699
chr5	MAPK10	102976354	102976426	0	73	0	8921	0	8848	0.0	0.0
chr5	MAPK10	102987202	102987274	0	73	0	8921	0	8848	0.0	0.0
chr5	HFM1	106918376	106918489	0	114	0	5353	0	5239	0.0	0.0
chr5	HFM1	106920962	106921076	0	115	0	5353	0	5238	0.0	0.0
chr5	GM15787	110170262	110170347	0	86	0	1399	0	1313	0.0	0.0
chr5	GM15787	110173279	110173424	0	146	0	1399	0	1253	0.0	0.0
chr5	ADAM22	8086593	8086623	0	31	0	10953	0	10922	0.0	0.0
chr5	ADAM22	8087981	8088068	0	88	0	10953	0	10865	0.0	0.0
chr5	ADAM22	8090141	8090252	0	112	0	10953	0	10841	0.0	0.0
chr5	ADAM22	8091364	8091422	0	59	0	10953	0	10894	0.0	0.0
chr5	ADAM22	8094985	8095047	0	63	0	10953	0	10890	0.0	0.0
chr5	ADAM22	8095072	8095180	0	109	0	10953	0	10844	0.0	0.0
chr5	ADAM22	8107001	8107019	0	19	0	10953	0	10934	0.0	0.0
chr5	ADAM22	8094985	8095180	0	196	0	10953	0	10757	0.0	0.0
chr5	FGFR3	33731280	33731431	3	152	4817	4418	4814	4266	0.019736842105263157	1.1284575714955463
chr5	FGFR3	33732116	33732261	663	146	4817	4418	4154	4272	4.541095890410959	0.9723782771535581
chr5	ATP8A1	67778959	67779033	0	75	1479	9566	1479	9491	0.0	0.1558318406911811
chr5	ATP8A1	67780987	67781061	0	75	1479	9566	1479	9491	0.0	0.1558318406911811
chr5	CSN1S2A	87780002	87780026	0	25	0	1052	0	1027	0.0	0.0
chr5	CSN1S2A	87780108	87780153	0	46	0	1052	0	1006	0.0	0.0
chr5	MPHOSPH9	124316081	124316171	0	91	153	8219	153	8128	0.0	0.018823818897637797
chr5	MPHOSPH9	124320844	124320954	0	111	153	8219	153	8108	0.0	0.01887025160335471
chr5	MPHOSPH9	124320844	124320998	0	155	153	8219	153	8064	0.0	0.018973214285714284
chr6	CACNA1C	118637729	118637813	0	85	612	14826	612	14741	0.0	0.04151685774370802
chr6	CACNA1C	118638426	118638510	510	85	612	14826	102	14741	6.0	0.006919476290618004
chr6	CACNA1C	118637735	118637813	0	79	612	14826	612	14747	0.0	0.04149996609479894
chr6	CACNA1C	118674345	118674405	0	61	612	14826	612	14765	0.0	0.04144937351845581
chr6	CACNA1C	118674554	118674614	0	61	612	14826	612	14765	0.0	0.04144937351845581
chr6	CACNA1C	118741870	118741974	0	105	612	14826	612	14721	0.0	0.04157326268595883
chr6	CACNA1C	118742264	118742368	0	105	612	14826	612	14721	0.0	0.04157326268595883
chr6	2210408F21RIK	31285002	31285120	0	119	3060	1049	3060	930	0.0	3.2903225806451615
chr6	2210408F21RIK	31328331	31328360	0	30	3060	1049	3060	1019	0.0	3.002944062806673
chr6	C2CD5	143072542	143072694	102	153	4356	8715	4254	8562	0.6666666666666666	0.4968465311843027
chr6	C2CD5	143073662	143073787	867	126	4356	8715	3489	8589	6.880952380952381	0.40621725462801256
chr6	TMEM176B	48838171	48838362	0	192	0	2057	0	1865	0.0	0.0
chr6	TMEM176B	48840360	48840453	0	94	0	2057	0	1963	0.0	0.0
chr6	TMEM176B	48838171	48838365	0	195	0	2057	0	1862	0.0	0.0
chr6	ZFP862-PS	48514151	48514326	0	176	306	6297	306	6121	0.0	0.049991831400098025
chr6	ZFP862-PS	48525023	48525122	0	100	306	6297	306	6197	0.0	0.04937873164434404
chr6	ATG7	114646936	114647057	0	122	0	4108	0	3986	0.0	0.0
chr6	ATG7	114671101	114671252	0	152	0	4108	0	3956	0.0	0.0
chr6	GHRL	113717052	113717161	0	110	0	796	0	686	0.0	0.0
chr6	GHRL	113719109	113719226	0	118	0	796	0	678	0.0	0.0
chr6	KLRC1	129677764	129677815	0	52	0	1990	0	1938	0.0	0.0
chr6	KLRC1	129678295	129678397	0	103	0	1990	0	1887	0.0	0.0
chr6	PLEKHA5	140591627	140591764	0	138	8	6514	8	6376	0.0	0.0012547051442910915
chr6	PLEKHA5	140593554	140593657	0	104	8	6514	8	6410	0.0	0.0012480499219968799
chr6	MGAM	40714600	40714729	0	130	0	8590	0	8460	0.0	0.0
chr6	MGAM	40750137	40750266	0	130	0	8590	0	8460	0.0	0.0
chr6	2810474O19RIK	149317634	149317708	0	75	7957	6230	7957	6155	0.0	1.292770105605199
chr6	2810474O19RIK	149324731	149324800	0	70	7957	6230	7957	6160	0.0	1.2917207792207792
chr6	SRGAP3	112750380	112750411	0	32	504	9244	504	9212	0.0	0.0547112462006079
chr6	SRGAP3	112754570	112754673	0	104	504	9244	504	9140	0.0	0.05514223194748359
chr6	MARCH8	116338385	116338490	0	106	0	4630	0	4524	0.0	0.0
chr6	MARCH8	116376692	116376863	0	172	0	4630	0	4458	0.0	0.0
chr6	CLEC4N	123230503	123230593	0	91	0	1435	0	1344	0.0	0.0
chr6	CLEC4N	123232092	123232194	0	103	0	1435	0	1332	0.0	0.0
chr6	CALU	29361293	29361487	0	195	0	3431	0	3236	0.0	0.0
chr6	CALU	29361559	29361753	0	195	0	3431	0	3236	0.0	0.0
chr6	ST7	17904896	17904969	0	74	20808	7339	20808	7265	0.0	2.864143152099105
chr6	ST7	17905706	17905842	572	137	20808	7339	20236	7202	4.175182481751825	2.8097750624826436
chr6	IRAK2	113647638	113647821	0	184	0	4034	0	3850	0.0	0.0
chr6	IRAK2	113665702	113665846	0	145	0	4034	0	3889	0.0	0.0
chr7	SIGLECH	55768886	55769165	0	280	2295	2495	2295	2215	0.0	1.036117381489842
chr7	SIGLECH	55769331	55769379	0	49	2295	2495	2295	2446	0.0	0.9382665576451349
chr7	PLD3	27545187	27545262	1	76	84	2387	83	2311	0.013157894736842105	0.03591518823020338
chr7	PLD3	27549009	27549093	0	85	84	2387	84	2302	0.0	0.036490008688097306
chr7	LAIR1	4010729	4010846	0	118	0	3641	0	3523	0.0	0.0
chr7	LAIR1	4028706	4029036	0	331	0	3641	0	3310	0.0	0.0
chr7	LAIR1	4055917	4055953	0	37	0	3641	0	3604	0.0	0.0
chr7	AAMDC	97565150	97565300	561	151	2322	898	1761	747	3.7152317880794703	2.357429718875502
chr7	AAMDC	97575587	97575691	625	105	2322	898	1697	793	5.9523809523809526	2.139974779319042
chr7	ATE1	130503721	130503850	0	130	3417	5370	3417	5240	0.0	0.6520992366412214
chr7	ATE1	130504693	130504822	0	130	3417	5370	3417	5240	0.0	0.6520992366412214
chr7	RAB6A	100629665	100629771	0	107	0	3329	0	3222	0.0	0.0
chr7	RAB6A	100629837	100629943	0	107	0	3329	0	3222	0.0	0.0
chr7	GM1966	106613232	106613299	0	68	51	8986	51	8918	0.0	0.005718771024893474
chr7	GM1966	106629240	106629319	0	80	51	8986	51	8906	0.0	0.005726476532674602
chr7	ZFP14	30045738	30045839	2040	102	9469	3497	7429	3395	20.0	2.188217967599411
chr7	ZFP14	30050439	30050503	3299	65	9469	3497	6170	3432	50.753846153846155	1.7977855477855478
chr7	LYSMD4	67224375	67224401	0	27	0	4472	0	4445	0.0	0.0
chr7	LYSMD4	67225025	67225159	0	135	0	4472	0	4337	0.0	0.0
chr7	CEACAM1	25465467	25465520	0	54	30	4445	30	4391	0.0	0.006832156684126622
chr7	CEACAM1	25466316	25466437	0	122	30	4445	30	4323	0.0	0.006939625260235947
chr7	FGFR2	130198418	130198563	0	146	499	5968	499	5822	0.0	0.08570937822054277
chr7	FGFR2	130199757	130199905	0	149	499	5968	499	5819	0.0	0.08575356590479463
chr7	CYFIP1	55897824	55897972	0	149	332	9167	332	9018	0.0	0.036815258372144596
chr7	CYFIP1	55898237	55898391	0	155	332	9167	332	9012	0.0	0.03683976919662672
chr7	FAR1	113553641	113553813	0	173	0	6028	0	5855	0.0	0.0
chr7	FAR1	113554116	113554288	0	173	0	6028	0	5855	0.0	0.0
chr7	SAXO2	82643646	82643849	0	204	0	4789	0	4585	0.0	0.0
chr7	SAXO2	82645649	82645829	0	181	0	4789	0	4608	0.0	0.0
chr7	SAXO2	82645649	82645846	0	198	0	4789	0	4591	0.0	0.0
chr7	SERPINH1	99351823	99351867	0	45	1566	2450	1566	2405	0.0	0.6511434511434512
chr7	SERPINH1	99352881	99352965	0	85	1566	2450	1566	2365	0.0	0.6621564482029598
chr7	ITGAD	128186230	128186304	37	75	2344	4325	2307	4250	0.49333333333333335	0.5428235294117647
chr7	ITGAD	128188728	128188754	0	27	2344	4325	2344	4298	0.0	0.5453699395067473
chr7	6430531B16RIK	139975861	139975958	0	98	0	1231	0	1133	0.0	0.0
chr7	6430531B16RIK	139975977	139976128	0	152	0	1231	0	1079	0.0	0.0
chr7	AI854517	79523916	79523976	0	61	0	3985	0	3924	0.0	0.0
chr7	AI854517	79527762	79527869	0	108	0	3985	0	3877	0.0	0.0
chr7	ARHGAP17	123283776	123283825	0	50	12070	4533	12070	4483	0.0	2.6923934865045727
chr7	ARHGAP17	123285419	123285467	0	49	12070	4533	12070	4484	0.0	2.691793041926851
chr7	MEF2A	67268066	67268204	0	139	153	6171	153	6032	0.0	0.02536472148541114
chr7	MEF2A	67268268	67268400	0	133	153	6171	153	6038	0.0	0.02533951639615767
chr7	PLEKHA4	45553244	45553294	0	51	128	3293	128	3242	0.0	0.03948180135718692
chr7	PLEKHA4	45553568	45553681	0	114	128	3293	128	3179	0.0	0.04026423403586033
chr7	TNNT3	142505287	142505299	0	13	0	1140	0	1127	0.0	0.0
chr7	TNNT3	142505515	142505530	0	16	0	1140	0	1124	0.0	0.0
chr7	TNNT3	142513664	142513705	0	42	0	1140	0	1098	0.0	0.0
chr7	TNNT3	142514325	142514366	0	42	0	1140	0	1098	0.0	0.0
chr8	FCER2A	3688533	3688596	0	64	0	2372	0	2308	0.0	0.0
chr8	FCER2A	3688797	3688860	0	64	0	2372	0	2308	0.0	0.0
chr8	GALNT7	57542511	57542694	0	184	0	4675	0	4491	0.0	0.0
chr8	GALNT7	57542834	57543017	0	184	0	4675	0	4491	0.0	0.0
chr8	ADAM34	43665471	43665560	0	90	0	2500	0	2410	0.0	0.0
chr8	ADAM34	43692811	43692903	0	93	0	2500	0	2407	0.0	0.0
chr8	ADAM34	43665471	43665563	0	93	0	2500	0	2407	0.0	0.0
chr8	FGFR1	25563373	25563524	0	152	0	6504	0	6352	0.0	0.0
chr8	FGFR1	25564339	25564484	0	146	0	6504	0	6358	0.0	0.0
chr8	DDA1	71472036	71472117	55	82	68	1942	13	1860	0.6707317073170732	0.006989247311827957
chr8	DDA1	71472194	71472246	13	53	68	1942	55	1889	0.24528301886792453	0.029115934356802542
chr8	DDA1	71473774	71473836	0	63	68	1942	68	1879	0.0	0.036189462480042574
chr8	KIFC3	95137808	95137865	0	58	1785	3940	1785	3882	0.0	0.4598145285935085
chr8	KIFC3	95137914	95138119	0	206	1785	3940	1785	3734	0.0	0.4780396357793251
chr8	CAMSAP3	3599216	3599249	0	34	0	4425	0	4391	0.0	0.0
chr8	CAMSAP3	3600357	3600405	0	49	0	4425	0	4376	0.0	0.0
chr8	6430573F11RIK	36508324	36508412	0	89	0	2749	0	2660	0.0	0.0
chr8	6430573F11RIK	36510187	36510324	0	138	0	2749	0	2611	0.0	0.0
chr8	SLC7A2	40908055	40908195	0	141	51	7870	51	7729	0.0	0.006598525035580282
chr8	SLC7A2	40908397	40908534	0	138	51	7870	51	7732	0.0	0.006595964821520952
chr8	DCTN6	34098918	34099101	0	184	102	1713	102	1529	0.0	0.06671026814911707
chr8	DCTN6	34104985	34105098	0	114	102	1713	102	1599	0.0	0.06378986866791744
chr8	MARCH1	65967046	65967255	0	210	243	4832	243	4622	0.0	0.052574643011683256
chr8	MARCH1	66121750	66121899	0	150	243	4832	243	4682	0.0	0.051900897052541646
chr8	INTS10	68824189	68824267	0	79	129	5540	129	5461	0.0	0.023622047244094488
chr8	INTS10	68825051	68825129	0	79	129	5540	129	5461	0.0	0.023622047244094488
chr8	SORBS2	45782801	45782960	0	160	0	9955	0	9795	0.0	0.0
chr8	SORBS2	45785268	45785325	0	58	0	9955	0	9897	0.0	0.0
chr8	AKTIP	91131836	91131889	0	54	0	3294	0	3240	0.0	0.0
chr8	AKTIP	91131922	91132003	0	82	0	3294	0	3212	0.0	0.0
chr8	ATP11A	12861639	12861724	0	86	217	8230	217	8144	0.0	0.026645383104125737
chr8	ATP11A	12863758	12863862	0	105	217	8230	217	8125	0.0	0.026707692307692307
chr8	ATP11A	12861639	12861844	0	206	217	8230	217	8024	0.0	0.027043868394815554
chr8	ANKRD10	11620261	11620373	0	113	15645	5317	15645	5204	0.0	3.0063412759415833
chr8	ANKRD10	11623696	11623858	0	163	15645	5317	15645	5154	0.0	3.0355064027939465
chr8	AP1G1	109829747	109829755	0	9	0	6908	0	6899	0.0	0.0
chr8	AP1G1	109830612	109830621	0	10	0	6908	0	6898	0.0	0.0
chr8	DCUN1D2	13258946	13259043	0	98	0	4523	0	4425	0.0	0.0
chr8	DCUN1D2	13261384	13261467	0	84	0	4523	0	4439	0.0	0.0
chr9	GTF2A2	70017072	70017191	0	120	0	2481	0	2361	0.0	0.0
chr9	GTF2A2	70018679	70018818	0	140	0	2481	0	2341	0.0	0.0
chr9	IP6K1	108045006	108045022	0	17	918	6748	918	6731	0.0	0.13638389540930027
chr9	IP6K1	108045245	108045313	0	69	918	6748	918	6679	0.0	0.1374457254079952
chr9	TMEM123	7785210	7785326	0	117	3062	3076	3062	2959	0.0	1.03480905711389
chr9	TMEM123	7789302	7789385	102	84	3062	3076	2960	2992	1.2142857142857142	0.9893048128342246
chr9	TFDP2	96223093	96223198	0	106	200552	7662	200552	7556	0.0	26.542085759661198
chr9	TFDP2	96232681	96232748	0	68	200552	7662	200552	7594	0.0	26.409270476692125
chr9	PIWIL4	14715727	14715839	0	113	153	4826	153	4713	0.0	0.032463399108847865
chr9	PIWIL4	14716020	14716210	0	191	153	4826	153	4635	0.0	0.03300970873786408
chr9	GRIA4	4427029	4427144	0	116	22815	6182	22815	6066	0.0	3.7611275964391693
chr9	GRIA4	4432772	4432887	0	116	22815	6182	22815	6066	0.0	3.7611275964391693
chr9	CEP57	13810626	13810862	0	237	0	3101	0	2864	0.0	0.0
chr9	CEP57	13812632	13812710	0	79	0	3101	0	3022	0.0	0.0
chr9	SENP8	59739939	59740032	0	94	0	1000	0	906	0.0	0.0
chr9	SENP8	59750261	59750371	0	111	0	1000	0	889	0.0	0.0
chr9	SENP8	59739939	59740051	0	113	0	1000	0	887	0.0	0.0
chr9	TPM1	67031950	67032026	0	77	51	3937	51	3860	0.0	0.013212435233160623
chr9	TPM1	67032465	67032541	0	77	51	3937	51	3860	0.0	0.013212435233160623
chr9	TPM1	67047785	67047911	0	127	51	3937	51	3810	0.0	0.013385826771653543
chr9	TPM1	67048123	67048249	0	127	51	3937	51	3810	0.0	0.013385826771653543
chr9	SCN5A	119543098	119543190	0	93	2126	8576	2126	8483	0.0	0.2506188848284805
chr9	SCN5A	119543323	119543415	0	93	2126	8576	2126	8483	0.0	0.2506188848284805
chr9	PKM	59675028	59675195	0	168	0	3504	0	3336	0.0	0.0
chr9	PKM	59675567	59675734	0	168	0	3504	0	3336	0.0	0.0
chr9	DNM2	21478898	21479037	0	140	6331	4132	6331	3992	0.0	1.5859218436873748
chr9	DNM2	21480406	21480545	357	140	6331	4132	5974	3992	2.55	1.4964929859719438
chr9	PXYLP1	96860790	96861008	5474	219	5658	3296	184	3077	24.995433789954337	0.059798505037374064
chr9	PXYLP1	96883534	96883632	58	99	5658	3296	5600	3197	0.5858585858585859	1.7516421645292461
chr9	PXYLP1	96860790	96861026	5600	237	5658	3296	58	3059	23.628691983122362	0.01896044458973521
chr9	TRPC1	95736819	95736921	0	103	51	4587	51	4484	0.0	0.011373773416592329
chr9	TRPC1	95743196	95743351	0	156	51	4587	51	4431	0.0	0.011509817197020988
chr9	ZFP280D	72339615	72340339	0	725	27983	9357	27983	8632	0.0	3.2417747914735866
chr9	ZFP280D	72351524	72351570	0	47	27983	9357	27983	9310	0.0	3.005692803437164
chr9	CADM1	47818733	47818817	0	85	0	6285	0	6200	0.0	0.0
chr9	CADM1	47829376	47829409	0	34	0	6285	0	6251	0.0	0.0
chr9	CADM1	47836716	47836770	0	55	0	6285	0	6230	0.0	0.0
chr9	CADM1	47833568	47833804	0	237	0	6285	0	6048	0.0	0.0
chr9	PIF1	65593261	65593349	0	89	1007	3737	1007	3648	0.0	0.2760416666666667
chr9	PIF1	65593456	65593602	0	147	1007	3737	1007	3590	0.0	0.2805013927576602
chr9	NRG4	55249095	55249169	0	75	0	3706	0	3631	0.0	0.0
chr9	NRG4	55280889	55280983	0	95	0	3706	0	3611	0.0	0.0
chr9	EXOG	119445286	119445321	0	36	117929	4010	117929	3974	0.0	29.675138399597383
chr9	EXOG	119445687	119445801	0	115	117929	4010	117929	3895	0.0	30.277021822849807
chr9	ZDHHC3	123090635	123091132	0	498	1173	12595	1173	12097	0.0	0.096966189964454
chr9	ZDHHC3	123098922	123098974	0	53	1173	12595	1173	12542	0.0	0.09352575346834635
chr9	DOCK6	21825782	21825875	68	94	4209	7661	4141	7567	0.723404255319149	0.5472446147746796
chr9	DOCK6	21829473	21829578	0	106	4209	7661	4209	7555	0.0	0.557114493712773
chr9	2010315B03RIK	124304655	124304718	0	64	0	2762	0	2698	0.0	0.0
chr9	2010315B03RIK	124311675	124311750	0	76	0	2762	0	2686	0.0	0.0
chr10	HK1	62364887	62365068	0	182	0	7570	0	7388	0.0	0.0
chr10	HK1	62374703	62374806	0	104	0	7570	0	7466	0.0	0.0
chr10	HK1	62365022	62365068	0	47	0	7570	0	7523	0.0	0.0
chr10	PCDH15	74628927	74628933	0	7	397598	17179	397598	17172	0.0	23.15385511297461
chr10	PCDH15	74641342	74641413	0	72	397598	17179	397598	17107	0.0	23.241830829485007
chr10	RNF41	128432196	128432317	0	122	0	3402	0	3280	0.0	0.0
chr10	RNF41	128435312	128435568	0	257	0	3402	0	3145	0.0	0.0
chr10	RNF41	128435312	128435584	0	273	0	3402	0	3129	0.0	0.0
chr10	OPRM1	6788569	6789158	0	590	51	6211	51	5621	0.0	0.009073118662159757
chr10	OPRM1	6823805	6823913	0	109	51	6211	51	6102	0.0	0.008357915437561455
chr10	OPRM1	6828884	6829237	0	354	51	6211	51	5857	0.0	0.008707529451937852
chr10	OPRM1	6788743	6789158	0	416	51	6211	51	5795	0.0	0.008800690250215704
chr10	OPRM1	6849805	6850107	0	303	51	6211	51	5908	0.0	0.008632362897765741
chr10	OPRM1	6907874	6908061	0	188	51	6211	51	6023	0.0	0.00846754109247883
chr10	OPRM1	6932966	6933367	0	402	51	6211	51	5809	0.0	0.008779480117059734
chr10	OPRM1	6933071	6933367	0	297	51	6211	51	5914	0.0	0.008623605005072709
chr10	OPRM1	6972198	6972318	0	121	51	6211	51	6090	0.0	0.008374384236453201
chr10	4930444F02RIK	18818722	18818846	241	125	16182	4409	15941	4284	1.928	3.7210550887021476
chr10	4930444F02RIK	18829517	18830791	5977	1275	16182	4409	10205	3134	4.687843137254902	3.2562220804084236
chr10	ITGA7	128941444	128941576	0	133	2165	4292	2165	4159	0.0	0.520557826400577
chr10	ITGA7	128941821	128941941	0	121	2165	4292	2165	4171	0.0	0.5190601774154879
chr10	EYA4	23109831	23109932	0	102	51	4345	51	4243	0.0	0.012019797313221777
chr10	EYA4	23109970	23110071	0	102	51	4345	51	4243	0.0	0.012019797313221777
chr10	TCF3	80410397	80410621	0	225	51	3567	51	3342	0.0	0.01526032315978456
chr10	TCF3	80412826	80413062	0	237	51	3567	51	3330	0.0	0.015315315315315315
chr10	TCF3	80410397	80410624	0	228	51	3567	51	3339	0.0	0.015274034141958671
chr10	CDK19	40454014	40454072	0	59	0	5938	0	5879	0.0	0.0
chr10	CDK19	40466637	40466769	0	133	0	5938	0	5805	0.0	0.0
chr10	ANKS1B	90897246	90897426	0	181	3163	10569	3163	10388	0.0	0.30448594532152484
chr10	ANKS1B	90914692	90914767	0	76	3163	10569	3163	10493	0.0	0.30143905460783377
chr10	TYSND1	61698297	61698428	0	132	0	2218	0	2086	0.0	0.0
chr10	TYSND1	61699442	61699628	0	187	0	2218	0	2031	0.0	0.0
chr10	DOT1L	80790610	80791561	0	952	0	7275	0	6323	0.0	0.0
chr10	DOT1L	80792142	80792773	0	632	0	7275	0	6643	0.0	0.0
chr10	FYN	39529436	39529601	0	166	0	3700	0	3534	0.0	0.0
chr10	FYN	39529918	39530074	0	157	0	3700	0	3543	0.0	0.0
chr10	ANK3	69904447	69904510	0	64	31865	20160	31865	20096	0.0	1.585638933121019
chr10	ANK3	69920437	69920491	14	55	31865	20160	31851	20105	0.2545454545454545	1.5842327779159413
chr10	NFIC	81403351	81403428	0	78	4625	6315	4625	6237	0.0	0.7415424082090749
chr10	NFIC	81404823	81405008	238	186	4625	6315	4387	6129	1.2795698924731183	0.7157774514602708
chr10	NFIC	81406088	81406214	0	127	4625	6315	4625	6188	0.0	0.7474143503555268
chr10	SRGAP1	121828728	121828762	0	35	0	8062	0	8027	0.0	0.0
chr10	SRGAP1	121829226	121829329	0	104	0	8062	0	7958	0.0	0.0
chr10	GGT5	75604311	75604584	0	274	27018	4480	27018	4206	0.0	6.423680456490728
chr10	GGT5	75604642	75604800	0	159	27018	4480	27018	4321	0.0	6.25271927794492
chr10	P4HA1	59354339	59354410	0	72	0	4141	0	4069	0.0	0.0
chr10	P4HA1	59355349	59355420	0	72	0	4141	0	4069	0.0	0.0
chr10	MYL6	128491289	128491347	0	59	0	1153	0	1094	0.0	0.0
chr10	MYL6	128491719	128491764	0	46	0	1153	0	1107	0.0	0.0
chr11	MILR1	106757702	106757809	0	108	0	2484	0	2376	0.0	0.0
chr11	MILR1	106761182	106761296	0	115	0	2484	0	2369	0.0	0.0
chr11	MILR1	106761185	106761296	0	112	0	2484	0	2372	0.0	0.0
chr11	MAPK9	49873835	49873907	0	73	102	6554	102	6481	0.0	0.015738311988890603
chr11	MAPK9	49874263	49874335	0	73	102	6554	102	6481	0.0	0.015738311988890603
chr11	EMID1	5109543	5109634	0	92	29	2178	29	2086	0.0	0.013902205177372963
chr11	EMID1	5110689	5110774	0	86	29	2178	29	2092	0.0	0.013862332695984704
chr11	FLOT2	78053199	78053283	0	85	0	2833	0	2748	0.0	0.0
chr11	FLOT2	78053362	78053453	0	92	0	2833	0	2741	0.0	0.0
chr11	OGDH	6316764	6316855	0	92	53753	7010	53753	6918	0.0	7.7700202370627345
chr11	OGDH	6316977	6317080	0	104	53753	7010	53753	6906	0.0	7.783521575441645
chr11	SEC14L3	4066327	4066414	0	88	9628	4028	9628	3940	0.0	2.4436548223350254
chr11	SEC14L3	4066459	4066503	0	45	9628	4028	9628	3983	0.0	2.417273412001004
chr11	CORO6	77467223	77467343	0	121	292	2096	292	1975	0.0	0.1478481012658228
chr11	CORO6	77467749	77467869	0	121	292	2096	292	1975	0.0	0.1478481012658228
chr11	EIF5A	69919448	69919478	0	31	0	2004	0	1973	0.0	0.0
chr11	EIF5A	69920340	69920434	0	95	0	2004	0	1909	0.0	0.0
chr11	CEP95	106801462	106801578	0	117	56	2751	56	2634	0.0	0.02126044039483675
chr11	CEP95	106804992	106805121	0	130	56	2751	56	2621	0.0	0.021365890881343
chr11	OBSCN	59129569	59129845	0	277	1385	28148	1385	27871	0.0	0.04969322952172509
chr11	OBSCN	59130440	59130641	0	202	1385	28148	1385	27946	0.0	0.049559865454805695
chr11	RNF185	3428883	3428902	180	20	532	3516	352	3496	9.0	0.10068649885583524
chr11	RNF185	3432399	3432620	0	222	532	3516	532	3294	0.0	0.16150576806314512
chr11	ACOX1	116183463	116183624	0	162	0	4414	0	4252	0.0	0.0
chr11	ACOX1	116189414	116189575	0	162	0	4414	0	4252	0.0	0.0
chr11	GM884	103545757	103545876	0	120	102	4595	102	4475	0.0	0.022793296089385476
chr11	GM884	103582615	103582695	0	81	102	4595	102	4514	0.0	0.02259636685866194
chr11	SMTN	3537554	3537605	0	52	51	4083	51	4031	0.0	0.012651947407591168
chr11	SMTN	3537635	3537743	0	109	51	4083	51	3974	0.0	0.012833417211877201
chr11	BPTF	107086711	107086897	0	187	276	12819	276	12632	0.0	0.021849271690943636
chr11	BPTF	107095001	107095190	0	190	276	12819	276	12629	0.0	0.021854461952648667
chr11	TMEM92	94778916	94779059	0	144	0	2192	0	2048	0.0	0.0
chr11	TMEM92	94779060	94779115	0	56	0	2192	0	2136	0.0	0.0
chr11	TRIM25	89015166	89015190	0	25	0	5705	0	5680	0.0	0.0
chr11	TRIM25	89015532	89015631	0	100	0	5705	0	5605	0.0	0.0
chr11	ZFP354A	51059785	51060041	0	257	0	4291	0	4034	0.0	0.0
chr11	ZFP354A	51060071	51060154	0	84	0	4291	0	4207	0.0	0.0
chr11	P4HA2	54126237	54126297	0	61	0	5057	0	4996	0.0	0.0
chr11	P4HA2	54126345	54126411	0	67	0	5057	0	4990	0.0	0.0
chr11	GRIA1	57309768	57309883	0	116	17416	5996	17416	5880	0.0	2.961904761904762
chr11	GRIA1	57310607	57310722	0	116	17416	5996	17416	5880	0.0	2.961904761904762
chr11	RHOT1	80255861	80255957	0	97	0	4911	0	4814	0.0	0.0
chr11	RHOT1	80257513	80257636	0	124	0	4911	0	4787	0.0	0.0
chr11	PRPSAP2	61754328	61754443	0	116	179339	1995	179339	1879	0.0	95.44385311335817
chr11	PRPSAP2	61755409	61755462	141	54	179339	1995	179198	1941	2.611111111111111	92.32251416795467
chr11	RAD50	53686149	53686307	0	159	0	5635	0	5476	0.0	0.0
chr11	RAD50	53688094	53688277	0	184	0	5635	0	5451	0.0	0.0
chr11	CDKL3	52040560	52040620	0	61	0	3618	0	3557	0.0	0.0
chr11	CDKL3	52052483	52052618	0	136	0	3618	0	3482	0.0	0.0
chr11	TNIP1	54940710	54940882	0	173	0	3069	0	2896	0.0	0.0
chr11	TNIP1	54952349	54952402	0	54	0	3069	0	3015	0.0	0.0
chr11	TNIP1	54956020	54956178	0	159	0	3069	0	2910	0.0	0.0
chr11	SPAG9	94079198	94079210	0	13	357	11044	357	11031	0.0	0.03236333967908621
chr11	SPAG9	94080739	94080754	0	16	357	11044	357	11028	0.0	0.0323721436343852
chr11	ACSL6	54336935	54337013	0	79	0	4209	0	4130	0.0	0.0
chr11	ACSL6	54337070	54337148	0	79	0	4209	0	4130	0.0	0.0
chr11	HEXDC	121214759	121214924	0	166	102	2558	102	2392	0.0	0.042642140468227424
chr11	HEXDC	121215170	121215335	0	166	102	2558	102	2392	0.0	0.042642140468227424
chr11	FBXW11	32652747	32652904	0	158	102	7528	102	7370	0.0	0.01383989145183175
chr11	FBXW11	32680200	32680302	0	103	102	7528	102	7425	0.0	0.013737373737373737
chr11	FBXW11	32708187	32708250	0	64	102	7528	102	7464	0.0	0.013665594855305467
chr11	NLRP1B	71181189	71182864	1530	1676	35491	6320	33961	4644	0.9128878281622912	7.31287683031869
chr11	NLRP1B	71216856	71218522	2732	1667	35491	6320	32759	4653	1.638872225554889	7.040404040404041
chr11	METTL16	74800325	74800455	0	131	102	3047	102	2916	0.0	0.03497942386831276
chr11	METTL16	74802892	74803012	0	121	102	3047	102	2926	0.0	0.034859876965140126
chr11	IKZF1	11758194	11758317	0	124	0	5745	0	5621	0.0	0.0
chr11	IKZF1	11761218	11761353	0	136	0	5745	0	5609	0.0	0.0
chr11	KCNJ16	110986429	110986510	0	82	0	3926	0	3844	0.0	0.0
chr11	KCNJ16	111019586	111019676	0	91	0	3926	0	3835	0.0	0.0
chr11	NF1	79463232	79463295	0	64	0	14992	0	14928	0.0	0.0
chr11	NF1	79468113	79468154	0	42	0	14992	0	14950	0.0	0.0
chr11	CACNB1	98010626	98010646	0	21	0	3864	0	3843	0.0	0.0
chr11	CACNB1	98011342	98011497	0	156	0	3864	0	3708	0.0	0.0
chr11	SMARCE1	99228274	99228318	0	45	0	3246	0	3201	0.0	0.0
chr11	SMARCE1	99228496	99228548	0	53	0	3246	0	3193	0.0	0.0
chr12	POMC	3955387	3955563	773	177	773	1330	0	1153	4.367231638418079	0.0
chr12	POMC	3956818	3956929	0	112	773	1330	773	1218	0.0	0.6346469622331691
chr12	PPP2R5C	110574744	110574861	0	118	62654	7159	62654	7041	0.0	8.89845192444255
chr12	PPP2R5C	110578100	110578168	0	69	62654	7159	62654	7090	0.0	8.836953455571226
chr12	TCL1	105218222	105218292	0	71	0	1645	0	1574	0.0	0.0
chr12	TCL1	105218658	105218829	0	172	0	1645	0	1473	0.0	0.0
chr12	MBOAT2	24924198	24924294	0	97	290	2813	290	2716	0.0	0.10677466863033873
chr12	MBOAT2	24934566	24934622	0	57	290	2813	290	2756	0.0	0.10522496371552975
chr12	DIO3OS	110276625	110276726	0	102	0	1364	0	1262	0.0	0.0
chr12	DIO3OS	110277469	110277749	0	281	0	1364	0	1083	0.0	0.0
chr12	ACTN1	80170182	80170248	0	67	72809	4096	72809	4029	0.0	18.071233556713825
chr12	ACTN1	80170685	80170766	0	82	72809	4096	72809	4014	0.0	18.13876432486298
chr12	MAX	76953168	76953276	7221	109	7221	2096	0	1987	66.24770642201835	0.0
chr12	MAX	76961262	76961289	0	28	7221	2096	7221	2068	0.0	3.491779497098646
chr12	SPATA7	98633989	98634151	0	163	0	3319	0	3156	0.0	0.0
chr12	SPATA7	98634223	98634319	0	97	0	3319	0	3222	0.0	0.0
chr12	ACP1	30904717	30904831	0	115	7242	3228	7242	3113	0.0	2.32637327336974
chr12	ACP1	30904869	30904983	30	115	7242	3228	7212	3113	0.2608695652173913	2.3167362672663026
chr12	TIMM9	71132506	71132642	0	137	0	1082	0	945	0.0	0.0
chr12	TIMM9	71133899	71133997	0	99	0	1082	0	983	0.0	0.0
chr12	PPP2R5E	75493413	75493515	0	103	0	5251	0	5148	0.0	0.0
chr12	PPP2R5E	75515601	75515798	0	198	0	5251	0	5053	0.0	0.0
chr12	MTA1	113133540	113133576	0	37	0	2905	0	2868	0.0	0.0
chr12	MTA1	113135796	113135828	0	33	0	2905	0	2872	0.0	0.0
chr12	IFI27	103437389	103437524	0	136	0	1060	0	924	0.0	0.0
chr12	IFI27	103437675	103437705	0	31	0	1060	0	1029	0.0	0.0
chr12	EIF5	111542679	111542841	0	163	0	4478	0	4315	0.0	0.0
chr12	EIF5	111543099	111543264	0	166	0	4478	0	4312	0.0	0.0
chr12	EML1	108536226	108536322	0	97	0	7066	0	6969	0.0	0.0
chr12	EML1	108537333	108537464	0	132	0	7066	0	6934	0.0	0.0
chr12	KIDINS220	25040455	25040569	51	115	2073	8225	2022	8110	0.4434782608695652	0.24932182490752158
chr12	KIDINS220	25047893	25047926	0	34	2073	8225	2073	8191	0.0	0.25308265169088023
chr13	2610307P16RIK	28669781	28669994	0	214	2089	2726	2089	2512	0.0	0.8316082802547771
chr13	2610307P16RIK	28711116	28711208	2089	93	2089	2726	0	2633	22.462365591397848	0.0
chr13	EIF4E1B	54784190	54784301	0	112	0	2172	0	2060	0.0	0.0
chr13	EIF4E1B	54784353	54784562	0	210	0	2172	0	1962	0.0	0.0
chr13	ERBB2IP	103827906	103828023	0	118	406	8182	406	8064	0.0	0.050347222222222224
chr13	ERBB2IP	103830187	103830331	0	145	406	8182	406	8037	0.0	0.0505163618265522
chr13	CDC14B	64201331	64201448	0	118	0	7491	0	7373	0.0	0.0
chr13	CDC14B	64205270	64205417	0	148	0	7491	0	7343	0.0	0.0
chr13	CDC14B	64205497	64205583	0	87	0	7491	0	7404	0.0	0.0
chr13	PLPP1	112834858	112835013	0	156	0	1772	0	1616	0.0	0.0
chr13	PLPP1	112851402	112851554	0	153	0	1772	0	1619	0.0	0.0
chr13	MEF2C	83625264	83625408	0	145	0	7637	0	7492	0.0	0.0
chr13	MEF2C	83625469	83625607	0	139	0	7637	0	7498	0.0	0.0
chr13	POLK	96490936	96490969	0	34	34264	5375	34264	5341	0.0	6.415278037820633
chr13	POLK	96495407	96495532	0	126	34264	5375	34264	5249	0.0	6.527719565631549
chr13	POLK	96496492	96496555	0	64	34264	5375	34264	5311	0.0	6.451515722086236
chr13	POLK	96496602	96496842	0	241	34264	5375	34264	5134	0.0	6.673938449552006
chr13	VCAN	89688284	89693501	0	5218	51	14729	51	9511	0.0	0.00536221217537588
chr13	VCAN	89702917	89705797	51	2881	51	14729	0	11848	0.01770218674071503	0.0
chr13	PDLIM7	55507863	55507880	0	18	0	3682	0	3664	0.0	0.0
chr13	PDLIM7	55508207	55508326	0	120	0	3682	0	3562	0.0	0.0
chr13	MCTP1	76731770	76731809	0	40	0	7791	0	7751	0.0	0.0
chr13	MCTP1	76741293	76741353	0	61	0	7791	0	7730	0.0	0.0
chr13	PFKP	6593100	6593253	0	154	0	4635	0	4481	0.0	0.0
chr13	PFKP	6597858	6598011	0	154	0	4635	0	4481	0.0	0.0
chr13	LRRC16A	24019563	24019710	0	148	350	7958	350	7810	0.0	0.04481434058898848
chr13	LRRC16A	24020046	24020071	0	26	350	7958	350	7932	0.0	0.04412506303580434
chr13	H2AFY	56088251	56088342	0	92	0	5563	0	5471	0.0	0.0
chr13	H2AFY	56089757	56089857	0	101	0	5563	0	5462	0.0	0.0
chr13	LGALS8	12456343	12456432	0	90	0	3078	0	2988	0.0	0.0
chr13	LGALS8	12459173	12459316	0	144	0	3078	0	2934	0.0	0.0
chr13	SLC6A18	73666692	73666783	0	92	204	4418	204	4326	0.0	0.047156726768377254
chr13	SLC6A18	73666854	73666998	0	145	204	4418	204	4273	0.0	0.047741633512754504
chr13	SLC6A18	73666854	73667059	0	206	204	4418	204	4212	0.0	0.04843304843304843
chr13	WNK2	49044373	49044418	0	46	6880	8803	6880	8757	0.0	0.7856571885348864
chr13	WNK2	49051356	49051527	0	172	6880	8803	6880	8631	0.0	0.7971266365426949
chr14	ARHGEF40	52003653	52003758	0	106	137	7582	137	7476	0.0	0.018325307651150348
chr14	ARHGEF40	52003972	52004116	0	145	137	7582	137	7437	0.0	0.018421406481107974
chr14	MAPK8	33390241	33390313	0	73	51	9021	51	8948	0.0	0.005699597675458203
chr14	MAPK8	33390672	33390744	0	73	51	9021	51	8948	0.0	0.005699597675458203
chr14	CADPS	12485640	12485658	0	19	0	7264	0	7245	0.0	0.0
chr14	CADPS	12486524	12486593	0	70	0	7264	0	7194	0.0	0.0
chr14	THOC7	13957459	13957535	0	77	0	1402	0	1325	0.0	0.0
chr14	THOC7	13957553	13957631	0	79	0	1402	0	1323	0.0	0.0
chr14	1700112E06RIK	22684828	22684892	0	65	0	2119	0	2054	0.0	0.0
chr14	1700112E06RIK	22828688	22828782	0	95	0	2119	0	2024	0.0	0.0
chr14	NUDT13	20295070	20295266	0	197	0	3392	0	3195	0.0	0.0
chr14	NUDT13	20297514	20297631	0	118	0	3392	0	3274	0.0	0.0
chr14	NUDT13	20295087	20295266	0	180	0	3392	0	3212	0.0	0.0
chr14	NUDT13	20300586	20300679	0	94	0	3392	0	3298	0.0	0.0
chr14	ZMYM5	56810540	56810596	0	57	102	6629	102	6572	0.0	0.0155203895313451
chr14	ZMYM5	56810739	56810859	0	121	102	6629	102	6508	0.0	0.01567301782421635
chr14	NKIRAS1	18276695	18276806	0	112	0	5002	0	4890	0.0	0.0
chr14	NKIRAS1	18276825	18276968	0	144	0	5002	0	4858	0.0	0.0
chr14	SLC39A14	70313600	70313770	0	171	102	7809	102	7638	0.0	0.01335428122545169
chr14	SLC39A14	70315663	70315833	0	171	102	7809	102	7638	0.0	0.01335428122545169
chr14	PXK	8157433	8157507	0	75	0	3890	0	3815	0.0	0.0
chr14	PXK	8159998	8160031	0	34	0	3890	0	3856	0.0	0.0
chr14	GM3264	4199262	4199394	0	133	0	1612	0	1479	0.0	0.0
chr14	GM3264	4515835	4515967	0	133	0	1612	0	1479	0.0	0.0
chr14	GM3264	4432069	4432201	0	133	0	1612	0	1479	0.0	0.0
chr14	PTPN20	33627000	33627099	0	100	0	3289	0	3189	0.0	0.0
chr14	PTPN20	33630906	33631241	0	336	0	3289	0	2953	0.0	0.0
chr14	SETDB2-PHF11C	59397121	59397226	0	106	0	4773	0	4667	0.0	0.0
chr14	SETDB2-PHF11C	59400969	59401134	0	166	0	4773	0	4607	0.0	0.0
chr14	SETDB2-PHF11C	59400969	59401130	0	162	0	4773	0	4611	0.0	0.0
chr14	SETDB2-PHF11C	59402333	59402416	0	84	0	4773	0	4689	0.0	0.0
chr14	MSRA	64285063	64285183	0	121	1366	4108	1366	3987	0.0	0.3426134938550288
chr14	MSRA	64313686	64313755	0	70	1366	4108	1366	4038	0.0	0.3382862803368004
chr14	DOCK9	121591310	121591354	0	45	0	8880	0	8835	0.0	0.0
chr14	DOCK9	121591811	121591879	0	69	0	8880	0	8811	0.0	0.0
chr14	DOCK9	121591811	121591948	0	138	0	8880	0	8742	0.0	0.0
chr14	KCNMA1	23390920	23391007	131	88	627842	10015	627711	9927	1.4886363636363635	63.23269870051375
chr14	KCNMA1	23425566	23425740	6216	175	627842	10015	621626	9840	35.52	63.173373983739836
chr14	KCNMA1	23526535	23526627	76	93	627842	10015	627766	9922	0.8172043010752689	63.270106833299735
chr14	KCNMA1	23526724	23526816	9	93	627842	10015	627833	9922	0.0967741935483871	63.27685950413223
chr14	CACNA1D	30089295	30089379	0	85	1457	11871	1457	11786	0.0	0.12362124554556253
chr14	CACNA1D	30089821	30089905	41	85	1457	11871	1416	11786	0.4823529411764706	0.12014254199898185
chr14	CACNA1D	30171295	30171399	0	105	1457	11871	1457	11766	0.0	0.12383137854835968
chr14	CACNA1D	30171955	30172059	0	105	1457	11871	1457	11766	0.0	0.12383137854835968
chr14	FBXO34	47508175	47508267	0	93	0	3724	0	3631	0.0	0.0
chr14	FBXO34	47509056	47509229	0	174	0	3724	0	3550	0.0	0.0
chr14	ITGBL1	123843573	123843737	0	165	0	2533	0	2368	0.0	0.0
chr14	ITGBL1	123843796	123843937	0	142	0	2533	0	2391	0.0	0.0
chr14	RCBTB2	73158387	73158445	0	59	594	6937	594	6878	0.0	0.08636231462634487
chr14	RCBTB2	73160501	73160644	0	144	594	6937	594	6793	0.0	0.08744295598410128
chr15	RANGAP1	81726073	81726282	0	210	0	4182	0	3972	0.0	0.0
chr15	RANGAP1	81729216	81729264	0	49	0	4182	0	4133	0.0	0.0
chr15	DAB2	6424634	6424697	0	64	0	6267	0	6203	0.0	0.0
chr15	DAB2	6429295	6429949	0	655	0	6267	0	5612	0.0	0.0
chr15	PPP1R16A	76693226	76693352	0	127	51	2874	51	2747	0.0	0.018565708045140152
chr15	PPP1R16A	76693438	76693514	0	77	51	2874	51	2797	0.0	0.018233821952091528
chr15	SHANK3	89547625	89549882	153	2258	110313	2693	110160	435	0.06775907883082374	253.24137931034483
chr15	SHANK3	89557734	89557751	0	18	110313	2693	110313	2675	0.0	41.23850467289719
chr15	PTK2	73360025	73360337	51	313	51	5921	0	5608	0.16293929712460065	0.0
chr15	PTK2	73365040	73365195	0	156	51	5921	51	5765	0.0	0.008846487424111016
chr15	PTK2	73391758	73391880	0	123	51	5921	51	5798	0.0	0.008796136598827182
chr15	PTK2	73392343	73392447	0	105	51	5921	51	5816	0.0	0.008768913342503439
chr15	PVT1	62149238	62149352	959	115	3519	6441	2560	6326	8.339130434782609	0.40467910211824215
chr15	PVT1	62159996	62160128	357	133	3519	6441	3162	6308	2.6842105263157894	0.5012682308180089
chr15	PVT1	62175466	62175548	0	83	3519	6441	3519	6358	0.0	0.553475935828877
chr15	RBFOX2	77091811	77091854	0	44	7305	7374	7305	7330	0.0	0.9965893587994543
chr15	RBFOX2	77094450	77094490	0	41	7305	7374	7305	7333	0.0	0.99618164462021
chr15	MTSS1	58947325	58947520	0	196	1374	7527	1374	7331	0.0	0.1874232710407857
chr15	MTSS1	58948322	58948442	0	121	1374	7527	1374	7406	0.0	0.18552524979746152
chr15	SCN8A	100959339	100959431	0	93	391	12131	391	12038	0.0	0.03248047848479814
chr15	SCN8A	100959602	100959694	81	93	391	12131	310	12038	0.8709677419354839	0.025751786010965276
chr15	RIMS2	39452039	39452107	0	69	51	8528	51	8459	0.0	0.00602908145170824
chr15	RIMS2	39452223	39452432	0	210	51	8528	51	8318	0.0	0.006131281558066843
chr15	EEF1D	75897225	75897282	0	58	50717	5633	50717	5575	0.0	9.097219730941704
chr15	EEF1D	75900690	75900762	75	73	50717	5633	50642	5560	1.0273972602739727	9.108273381294964
chr15	1700088E04RIK	79136306	79136489	0	184	102	1533	102	1349	0.0	0.07561156412157154
chr15	1700088E04RIK	79139237	79139300	0	64	102	1533	102	1469	0.0	0.06943498978897208
chr15	KIF21A	90949005	90949044	0	40	37397	6496	37397	6456	0.0	5.792596034696406
chr15	KIF21A	90952710	90952818	949	109	37397	6496	36448	6387	8.706422018348624	5.706591514012839
chr15	KCTD17	78436900	78437099	0	200	6081	1915	6081	1715	0.0	3.5457725947521865
chr15	KCTD17	78437583	78437671	1150	89	6081	1915	4931	1826	12.92134831460674	2.700438116100767
chr15	TMBIM6	99393694	99393730	0	37	0	2816	0	2779	0.0	0.0
chr15	TMBIM6	99399656	99399871	0	216	0	2816	0	2600	0.0	0.0
chr16	STXBP5L	37142275	37142446	0	172	0	16063	0	15891	0.0	0.0
chr16	STXBP5L	37156751	37156844	0	94	0	16063	0	15969	0.0	0.0
chr16	MIR99AHG	77436354	77436402	0	49	9345	9578	9345	9529	0.0	0.9806905236646027
chr16	MIR99AHG	77459373	77459502	0	130	9345	9578	9345	9448	0.0	0.9890982218458934
chr16	DLG1	31846833	31846933	0	101	1499	5595	1499	5494	0.0	0.272843101565344
chr16	DLG1	31847635	31847669	56	35	1499	5595	1443	5560	1.6	0.25953237410071944
chr16	DLG1	31846836	31846933	0	98	1499	5595	1499	5497	0.0	0.2726941968346371
chr16	SEC22A	35318803	35318869	0	67	0	3999	0	3932	0.0	0.0
chr16	SEC22A	35329497	35329613	0	117	0	3999	0	3882	0.0	0.0
chr16	RBFOX1	7363864	7363904	0	41	0	5751	0	5710	0.0	0.0
chr16	RBFOX1	7369800	7369843	0	44	0	5751	0	5707	0.0	0.0
chr16	ERG	95369994	95370063	0	70	0	3479	0	3409	0.0	0.0
chr16	ERG	95377300	95377372	0	73	0	3479	0	3406	0.0	0.0
chr16	GOLGB1	36885010	36885188	0	179	0	11113	0	10934	0.0	0.0
chr16	GOLGB1	36886130	36886228	0	99	0	11113	0	11014	0.0	0.0
chr17	H2-BL	36081241	36081517	0	277	0	1170	0	893	0.0	0.0
chr17	H2-BL	36083232	36083508	0	277	0	1170	0	893	0.0	0.0
chr17	E130008D07RIK	43154869	43156033	346	1165	4760	5086	4414	3921	0.29699570815450643	1.125733231318541
chr17	E130008D07RIK	43156415	43156477	0	63	4760	5086	4760	5023	0.0	0.94764085208043
chr17	UBR2	46980319	46980418	0	100	179345	8674	179345	8574	0.0	20.917308140891066
chr17	UBR2	46980488	46980587	21	100	179345	8674	179324	8574	0.21	20.91485887567063
chr17	MAPK14	28737010	28737090	0	81	11061	3803	11061	3722	0.0	2.9717893605588395
chr17	MAPK14	28740679	28740759	0	81	11061	3803	11061	3722	0.0	2.9717893605588395
chr17	COL11A2	34046439	34046502	0	64	273588	7017	273588	6953	0.0	39.34819502373077
chr17	COL11A2	34047097	34047277	0	181	273588	7017	273588	6836	0.0	40.021650087770624
chr17	ATAT1	35898256	35898350	0	95	10609	3432	10609	3337	0.0	3.1792028768354808
chr17	ATAT1	35898387	35898467	466	81	10609	3432	10143	3351	5.753086419753086	3.026857654431513
chr17	CCR6	8245107	8245198	0	92	79	2085	79	1993	0.0	0.03963873557451079
chr17	CCR6	8255751	8255866	0	116	79	2085	79	1969	0.0	0.04012188928390046
chr17	U2AF1	31651645	31651712	0	68	0	983	0	915	0.0	0.0
chr17	U2AF1	31652501	31652568	0	68	0	983	0	915	0.0	0.0
chr17	MSH5	35042097	35042180	0	84	153	4659	153	4575	0.0	0.03344262295081967
chr17	MSH5	35043728	35043764	0	37	153	4659	153	4622	0.0	0.03310255300735612
chr17	MAS1	12848076	12848120	0	45	4743	1948	4743	1903	0.0	2.492380451918024
chr17	MAS1	12854301	12854333	0	33	4743	1948	4743	1915	0.0	2.476762402088773
chr17	EPB41L3	69281032	69281107	0	76	0	6856	0	6780	0.0	0.0
chr17	EPB41L3	69283884	69284007	0	124	0	6856	0	6732	0.0	0.0
chr17	PARK2	11067128	11067292	0	165	400	3837	400	3672	0.0	0.10893246187363835
chr17	PARK2	11237461	11237702	0	242	400	3837	400	3595	0.0	0.11126564673157163
chr18	4930503L19RIK	70467330	70467485	0	156	0	2617	0	2461	0.0	0.0
chr18	4930503L19RIK	70467758	70468517	0	760	0	2617	0	1857	0.0	0.0
chr18	ESCO1	10588438	10588550	34	113	121	4674	87	4561	0.3008849557522124	0.01907476430607323
chr18	ESCO1	10595675	10595875	0	201	121	4674	121	4473	0.0	0.027051196065280572
chr18	AQP4	15404180	15404364	0	185	141	6274	141	6089	0.0	0.023156511742486452
chr18	AQP4	15407983	15408088	0	106	141	6274	141	6168	0.0	0.022859922178988325
chr18	AQP4	15409277	15409407	0	131	141	6274	141	6143	0.0	0.02295295458245157
chr18	MBP	82575600	82575633	0	34	0	6728	0	6694	0.0	0.0
chr18	MBP	82578935	82579058	0	124	0	6728	0	6604	0.0	0.0
chr18	CREM	3276693	3276729	407	37	4430	4770	4023	4733	11.0	0.8499894358757659
chr18	CREM	3287903	3288092	28	190	4430	4770	4402	4580	0.14736842105263157	0.9611353711790394
chr19	MS4A2	11618726	11618783	0	58	65327	2823	65327	2765	0.0	23.62640144665461
chr19	MS4A2	11618853	11618898	1205	46	65327	2823	64122	2777	26.195652173913043	23.09038530788621
chr19	MS4A2	11618853	11619009	1205	157	65327	2823	64122	2666	7.67515923566879	24.051762940735184
chr19	TCF7L2	55926683	55926756	0	74	140327	7520	140327	7446	0.0	18.845957561106633
chr19	TCF7L2	55927729	55927754	0	26	140327	7520	140327	7494	0.0	18.72524686415799
chr19	SIPA1	5661595	5661623	27550	29	144152	4330	116602	4301	950.0	27.11043943269007
chr19	SIPA1	5662587	5662841	1209	255	144152	4330	142943	4075	4.741176470588235	35.07803680981595
chr19	SIPA1	5661595	5661626	31385	32	144152	4330	112767	4298	980.78125	26.23708701721731
chr19	SORBS1	40340044	40340146	0	103	18553	8589	18553	8486	0.0	2.1863068583549374
chr19	SORBS1	40340684	40340750	0	67	18553	8589	18553	8522	0.0	2.1770711100680593
chr19	TMEM134	4127759	4127836	0	78	51	1573	51	1495	0.0	0.03411371237458194
chr19	TMEM134	4131030	4131075	0	46	51	1573	51	1527	0.0	0.03339882121807466
chr19	RTN3	7456299	7458423	714	2125	12030	8283	11316	6158	0.336	1.8376096135108801
chr19	RTN3	7467810	7467867	87	58	12030	8283	11943	8225	1.5	1.4520364741641338
chr19	STX3	11790047	11790093	99	47	1259217	4997	1259118	4950	2.106382978723404	254.36727272727273
chr19	STX3	11791745	11791845	949	101	1259217	4997	1258268	4896	9.396039603960396	256.99918300653593
chr19	TLL2	41120170	41120295	24771	126	227108	3465	202337	3339	196.5952380952381	60.59808325846062
chr19	TLL2	41121335	41121409	0	75	227108	3465	227108	3390	0.0	66.99351032448378
chr19	CLCF1-POLD4	4220177	4220344	0	168	493	1058	493	890	0.0	0.553932584269663
chr19	CLCF1-POLD4	4232462	4232552	228	91	493	1058	265	967	2.5054945054945055	0.27404343329886244
chr19	AHNAK	9045624	9045716	0	93	102	18801	102	18708	0.0	0.005452212957023733
chr19	AHNAK	9067452	9067601	0	150	102	18801	102	18651	0.0	0.005468875663503297
chrX	PAK3	143712277	143712340	0	64	2337	9010	2337	8946	0.0	0.26123407109322605
chrX	PAK3	143713893	143713938	0	46	2337	9010	2337	8964	0.0	0.2607095046854083
chrX	GRIA3	41654809	41654924	0	116	1381	9007	1381	8891	0.0	0.1553256101675852
chrX	GRIA3	41669500	41669615	0	116	1381	9007	1381	8891	0.0	0.1553256101675852
chrX	TLR7	167308788	167308856	0	69	0	3984	0	3915	0.0	0.0
chrX	TLR7	167309280	167309361	0	82	0	3984	0	3902	0.0	0.0
chrX	JPX	103496437	103496530	0	94	459	5153	459	5059	0.0	0.09072939316070369
chrX	JPX	103524866	103524996	0	131	459	5153	459	5022	0.0	0.0913978494623656
chrX	PCDH11X	120811139	120811163	0	25	486	8861	486	8836	0.0	0.055002263467632415
chrX	PCDH11X	120899554	120899700	0	147	486	8861	486	8714	0.0	0.05577232040394767
chrX	GPM6B	166353564	166353684	0	121	0	7249	0	7128	0.0	0.0
chrX	GPM6B	166367027	166367174	0	148	0	7249	0	7101	0.0	0.0
chrX	MID1	169800739	169800792	0	54	0	4600	0	4546	0.0	0.0
chrX	MID1	169926953	169927669	0	717	0	4600	0	3883	0.0	0.0
chrX	AIFM1	48503582	48503713	0	132	856	3213	856	3081	0.0	0.2778318727685816
chrX	AIFM1	48504809	48504952	40	144	856	3213	816	3069	0.2777777777777778	0.26588465298142716
chrX	PORCN	8201657	8201672	0	16	0	2776	0	2760	0.0	0.0
chrX	PORCN	8203025	8203043	0	19	0	2776	0	2757	0.0	0.0
chrX	CASK	13550946	13550982	0	37	281	8682	281	8645	0.0	0.032504337767495665
chrX	CASK	13552372	13552441	0	70	281	8682	281	8612	0.0	0.03262888992104041
chrX	HNRNPH2	134602691	134602762	0	72	0	2425	0	2353	0.0	0.0
chrX	HNRNPH2	134602917	134602962	0	46	0	2425	0	2379	0.0	0.0
chrX	GM773	56201583	56201618	0	36	0	959	0	923	0.0	0.0
chrX	GM773	56202006	56202076	0	71	0	959	0	888	0.0	0.0
chrX	ARHGAP4	73904247	73904469	0	223	100	3485	100	3262	0.0	0.030656039239730228
chrX	ARHGAP4	73906156	73906219	0	64	100	3485	100	3421	0.0	0.029231218941829874
chrX	MTMR1	71376886	71376910	0	25	72729	5040	72729	5015	0.0	14.502293120638086
chrX	MTMR1	71379013	71379064	0	52	72729	5040	72729	4988	0.0	14.580793905372895
chrX	MTMR1	71377603	71377630	0	28	72729	5040	72729	5012	0.0	14.5109736632083
chrX	GPRASP1	135743441	135743522	0	82	33	5975	33	5893	0.0	0.005599864245715255
chrX	GPRASP1	135743562	135743614	0	53	33	5975	33	5922	0.0	0.005572441742654508
chrX	DLG3	100808052	100808152	23864	101	51431	5965	27567	5864	236.27722772277227	4.701057298772169
chrX	DLG3	100809861	100809907	0	47	51431	5965	51431	5918	0.0	8.690604934099358
chrX	5530601H04RIK	105044001	105044111	0	111	102	3968	102	3857	0.0	0.02644542390458906
chrX	5530601H04RIK	105047908	105048010	0	103	102	3968	102	3865	0.0	0.026390685640362226
